{
  "saq-moved.pdb": [
    -0.1265139877796173,
    -0.028571300208568573,
    0.28022897243499756,
    0.7034479975700378,
    -0.6420333981513977,
    -0.796509861946106,
    0.6458240747451782,
    -0.32321667671203613,
    -0.32321667671203613,
    -0.32321667671203613,
    0.027970679104328156,
    -0.06112696975469589,
    0.1567375361919403,
    -0.22767391800880432,
    0.8103232383728027,
    -0.4319203197956085,
    -0.20940911769866943,
    0.032288696616888046,
    -0.0985015332698822,
    0.08618941903114319,
    0.02553420513868332,
    -0.01872164011001587,
    0.10272824764251709,
    -0.01872164011001587,
    0.02553420513868332,
    0.9763791561126709,
    -0.5644758939743042,
    -0.6320142149925232,
    0.41246116161346436,
    0.6080289483070374,
    -0.3995282053947449,
    -0.20017780363559723,
    0.09825785458087921,
    0.03206617012619972,
    0.045453429222106934,
    0.006167128682136536,
    0.0530160591006279,
    -0.08371511846780777,
    0.17048108577728271,
    0.013078771531581879,
    0.2225196361541748,
    -0.3134773373603821,
    0.3153476119041443,
    -0.08295909315347672,
    0.05563811957836151
  ],
  "compound_8kqry_x2_0": [
    -0.15227854251861572,
    0.1873829960823059,
    -0.07684171199798584,
    0.016894850879907608,
    -0.04710853844881058,
    -0.04598952829837799,
    0.21503368020057678,
    -0.20406438410282135,
    0.04302075505256653,
    0.7277219295501709,
    -0.5483942627906799,
    -0.11922255158424377,
    -0.07238778471946716,
    0.045033473521471024,
    0.008059782907366753,
    0.037723563611507416,
    -0.020963400602340698,
    0.01062079705297947,
    -0.05546668916940689,
    0.1393488049507141,
    -0.08812326192855835
  ],
  "deepfmpo_001_1": [
    -0.5103886723518372,
    0.8046863079071045,
    -0.6109603047370911,
    0.0010624080896377563,
    -0.04138515517115593,
    0.10533414781093597,
    -0.1851947009563446,
    0.3816702663898468,
    0.05517563968896866
  ]
}